timestamp,project_name,run_id,experiment_id,duration,emissions,emissions_rate,cpu_power,gpu_power,ram_power,cpu_energy,gpu_energy,ram_energy,energy_consumed,water_consumed,country_name,country_iso_code,region,cloud_provider,cloud_region,os,python_version,codecarbon_version,cpu_count,cpu_model,gpu_count,gpu_model,longitude,latitude,ram_total_size,tracking_mode,cpu_utilization_percent,gpu_utilization_percent,ram_utilization_percent,ram_used_gb,on_cloud,pue,wue
2026-04-19T17:37:31,MBPP_model_A,e690b4c5-2a8b-4cb4-9fc8-88548e32e109,5b0fa12a-3dd7-45bb-9766-cc326314d9f1,24.219486166985007,1.9025774548912853e-05,7.855564902466013e-07,12.223499999999998,0.00575,3.0,0.0001005527112923,2.2817850973157978e-08,1.434703069498937e-05,0.0001149225598383,0.0,Portugal,PRT,braga,,,macOS-26.3.1-arm64-arm-64bit-Mach-O,3.14.4,3.2.6,8,Apple M2,1,Apple M2,-8.4204,41.5515,16.0,machine,39.915,0,75.685,5.720099639892578,N,1.0,0.0
2026-04-19T17:38:15,MBPP_model_A,e690b4c5-2a8b-4cb4-9fc8-88548e32e109,5b0fa12a-3dd7-45bb-9766-cc326314d9f1,68.53402070899028,2.601295379029873e-05,3.795626394189704e-07,8.355666666666666,0.0328999999999999,3.0,0.0001076044676225,1.0555108587507775e-06,4.846767121581555e-05,0.000157127649697,0.0,Portugal,PRT,braga,,,macOS-26.3.1-arm64-arm-64bit-Mach-O,3.14.4,3.2.6,8,Apple M2,1,Apple M2,-8.4204,41.5515,16.0,machine,39.915,0,75.685,5.720099639892578,N,1.0,0.0
2026-04-19T17:38:30,MBPP_model_A,e690b4c5-2a8b-4cb4-9fc8-88548e32e109,5b0fa12a-3dd7-45bb-9766-cc326314d9f1,82.90150124998763,2.779266869387362e-05,3.352492810723107e-07,6.3637749999999995,0.05025,3.0,0.0001087945119664,1.4166923813274669e-06,5.7666567084136966e-05,0.0001678777714319,0.0,Portugal,PRT,braga,,,macOS-26.3.1-arm64-arm-64bit-Mach-O,3.14.4,3.2.6,8,Apple M2,1,Apple M2,-8.4204,41.5515,16.0,machine,39.915,0,75.685,5.720099639892578,N,1.0,0.0
2026-04-19T17:39:18,MBPP_model_A,e690b4c5-2a8b-4cb4-9fc8-88548e32e109,5b0fa12a-3dd7-45bb-9766-cc326314d9f1,130.8418382089876,3.515210136659642e-05,2.6866101736089645e-07,5.19222,0.0561,3.0,0.0001150627937997,2.438649108306521e-06,9.482996375081712e-05,0.0002123314066588,0.0,Portugal,PRT,braga,,,macOS-26.3.1-arm64-arm-64bit-Mach-O,3.14.4,3.2.6,8,Apple M2,1,Apple M2,-8.4204,41.5515,16.0,machine,39.915,0,75.685,5.720099639892578,N,1.0,0.0
2026-04-19T17:39:48,MBPP_model_A,e690b4c5-2a8b-4cb4-9fc8-88548e32e109,5b0fa12a-3dd7-45bb-9766-cc326314d9f1,160.71422220897512,3.9859615935833504e-05,2.4801548604705586e-07,4.458633333333333,0.05765,3.0,0.0001208872620593,2.9507272342648662e-06,0.0001169285080566,0.0002407664973502,0.0,Portugal,PRT,braga,,,macOS-26.3.1-arm64-arm-64bit-Mach-O,3.14.4,3.2.6,8,Apple M2,1,Apple M2,-8.4204,41.5515,16.0,machine,39.915,0,75.685,5.720099639892578,N,1.0,0.0
2026-04-19T17:40:33,MBPP_model_A,e690b4c5-2a8b-4cb4-9fc8-88548e32e109,5b0fa12a-3dd7-45bb-9766-cc326314d9f1,206.5872364169918,4.7116692173059626e-05,2.280716514255296e-07,3.9230571428571426,0.0506142857142857,3.0,0.0001292527748138,3.0537662726398863e-06,0.0001522953215983,0.0002846018626848,0.0,Portugal,PRT,braga,,,macOS-26.3.1-arm64-arm-64bit-Mach-O,3.14.4,3.2.6,8,Apple M2,1,Apple M2,-8.4204,41.5515,16.0,machine,39.915,0,75.685,5.720099639892578,N,1.0,0.0
2026-04-19T17:41:05,MBPP_model_A,e690b4c5-2a8b-4cb4-9fc8-88548e32e109,5b0fa12a-3dd7-45bb-9766-cc326314d9f1,237.79915158398217,5.1921310269511906e-05,2.18341024026636e-07,3.5134624999999997,0.05745,3.0,0.0001342438345303,3.916906666430668e-06,0.0001754627526058,0.0003136234938026,0.0,Portugal,PRT,braga,,,macOS-26.3.1-arm64-arm-64bit-Mach-O,3.14.4,3.2.6,8,Apple M2,1,Apple M2,-8.4204,41.5515,16.0,machine,39.915,0,75.685,5.720099639892578,N,1.0,0.0
2026-04-19T17:41:53,MBPP_model_A,e690b4c5-2a8b-4cb4-9fc8-88548e32e109,5b0fa12a-3dd7-45bb-9766-cc326314d9f1,286.64064524997957,6.120783674036326e-05,2.1353509264878973e-07,3.2589777777777775,0.0754777777777777,3.0,0.0001496573280889,6.791741899261621e-06,0.0002132684026058,0.000369717472594,0.0,Portugal,PRT,braga,,,macOS-26.3.1-arm64-arm-64bit-Mach-O,3.14.4,3.2.6,8,Apple M2,1,Apple M2,-8.4204,41.5515,16.0,machine,39.915,0,75.685,5.720099639892578,N,1.0,0.0
2026-04-19T19:34:32,codellama-0shot,03becb10-0d36-4919-bf40-cfcfa5a1aa67,5b0fa12a-3dd7-45bb-9766-cc326314d9f1,25.997982000000775,1.866215175220987e-05,7.178307821049078e-07,11.83045,0.03375,3.0,9.666646789778468e-05,2.521283105504263e-07,1.5807550416672408e-05,0.000112726146625,0.0,Portugal,PRT,braga,,,macOS-26.3.1-arm64-arm-64bit-Mach-O,3.14.4,3.2.6,8,Apple M2,1,Apple M2,-8.4204,41.5515,16.0,machine,33.28636363636363,0,73.99090909090908,6.077471646395597,N,1.0,0.0
2026-04-19T19:35:00,codellama-3shot,050e1f3f-4ba2-4123-861e-80057120a11b,5b0fa12a-3dd7-45bb-9766-cc326314d9f1,23.80787008299376,1.0991851474011513e-05,4.6168982927469524e-07,6.3513,0.12985,3.0,5.156968199708001e-05,9.237713466034224e-07,1.3901305277492307e-05,6.639475862117577e-05,0.0,Portugal,PRT,braga,,,macOS-26.3.1-arm64-arm-64bit-Mach-O,3.14.4,3.2.6,8,Apple M2,1,Apple M2,-8.4204,41.5515,16.0,machine,51.65,0,74.97999999999999,5.939450073242187,N,1.0,0.0
2026-04-19T19:35:31,meta-llama-0shot,8d808954-7628-4620-ac06-4ecddf61a79e,5b0fa12a-3dd7-45bb-9766-cc326314d9f1,26.817040082998577,1.5496570519401004e-05,5.778628242132321e-07,9.42045,0.01955,3.0,7.707433963432528e-05,9.989921124477408e-08,1.6430652152484982e-05,9.360489099805503e-05,0.0,Portugal,PRT,braga,,,macOS-26.3.1-arm64-arm-64bit-Mach-O,3.14.4,3.2.6,8,Apple M2,1,Apple M2,-8.4204,41.5515,16.0,machine,52.12173913043478,0,79.22173913043478,5.169075343919837,N,1.0,0.0
2026-04-19T19:35:55,meta-llama-3shot,7bb6b932-90dc-48c7-b4d1-c68bec8e54c9,5b0fa12a-3dd7-45bb-9766-cc326314d9f1,20.37996849999763,2.0129047411107253e-05,9.876878568830758e-07,11.242549999999998,0.02975,3.0,9.49454057183534e-05,6.842882796924903e-08,2.657289242997649e-05,0.0001215867269762,0.0,Portugal,PRT,braga,,,macOS-26.3.1-arm64-arm-64bit-Mach-O,3.14.4,3.2.6,8,Apple M2,1,Apple M2,-8.4204,41.5515,16.0,machine,46.05625,0,79.475,5.174954414367676,N,1.0,0.0
2026-04-19T19:48:12,codellama-0shot,5f9407f5-0767-489c-8571-3e26c9bc231d,5b0fa12a-3dd7-45bb-9766-cc326314d9f1,8.464346166991163,8.833792674891188e-07,1.043647376963477e-07,0.7183999999999999,0.0419,3.0,1.0157178306012775e-06,7.89203080529454e-08,4.241292152485888e-06,5.335930291140111e-06,0.0,Portugal,PRT,braga,,,macOS-26.3.1-arm64-arm-64bit-Mach-O,3.14.4,3.2.6,8,Apple M2,1,Apple M2,-8.4204,41.5515,16.0,machine,28.52,0,74.78,5.994598388671875,N,1.0,0.0
2026-04-19T19:48:36,codellama-3shot,4bb08d45-9b76-443d-aef7-69ae6dac734e,5b0fa12a-3dd7-45bb-9766-cc326314d9f1,22.753949792007916,1.4069893510959994e-05,6.183495014963026e-07,9.80155,0.0068,3.0,7.188330091486638e-05,4.387048261698592e-08,1.3060074444996038e-05,8.498724584247941e-05,0.0,Portugal,PRT,braga,,,macOS-26.3.1-arm64-arm-64bit-Mach-O,3.14.4,3.2.6,8,Apple M2,1,Apple M2,-8.4204,41.5515,16.0,machine,51.67368421052632,0,76.04736842105264,5.7683972810444075,N,1.0,0.0
2026-04-19T19:49:10,meta-llama-0shot,6a1f5d61-f02e-4a4d-a574-c01fddde5507,5b0fa12a-3dd7-45bb-9766-cc326314d9f1,27.08056354202563,1.6789133792736917e-05,6.19969882335805e-07,10.72405,0.01635,3.0,8.466023424740852e-05,1.370410901801725e-07,1.6615165347490497e-05,0.000101412440685,0.0,Portugal,PRT,braga,,,macOS-26.3.1-arm64-arm-64bit-Mach-O,3.14.4,3.2.6,8,Apple M2,1,Apple M2,-8.4204,41.5515,16.0,machine,58.48695652173913,0,80.55652173913043,5.055102804432744,N,1.0,0.0
2026-04-19T19:49:31,meta-llama-3shot,79339b66-969a-427a-ac19-14fbd2d0f090,5b0fa12a-3dd7-45bb-9766-cc326314d9f1,19.93552791699767,8.6617912644787e-06,4.3449018759585386e-07,3.0570333333333335,0.0252333333333333,3.0,2.575459155318958e-05,2.497944119317027e-07,2.6315966215018613e-05,5.232035218013989e-05,0.0,Portugal,PRT,braga,,,macOS-26.3.1-arm64-arm-64bit-Mach-O,3.14.4,3.2.6,8,Apple M2,1,Apple M2,-8.4204,41.5515,16.0,machine,46.65,0,80.00625,5.1220502853393555,N,1.0,0.0
2026-04-19T19:53:08,codellama-0shot,ad2e7336-2ce9-4958-9c9a-3e870ef7b05b,5b0fa12a-3dd7-45bb-9766-cc326314d9f1,25.560298750002403,1.694407427165497e-05,6.629059557315768e-07,10.904050000000002,0.13885,3.0,8.61343346413263e-05,9.761871962052407e-07,1.5237815381697144e-05,0.0001023483372192,0.0,Portugal,PRT,braga,,,macOS-26.3.1-arm64-arm-64bit-Mach-O,3.14.4,3.2.6,8,Apple M2,1,Apple M2,-8.4204,41.5515,16.0,machine,47.55,0,74.98636363636363,5.991356589577415,N,1.0,0.0
2026-04-19T19:53:34,codellama-3shot,041d9b36-0d2d-4abc-93a5-431886c4a7dc,5b0fa12a-3dd7-45bb-9766-cc326314d9f1,23.884809374983888,1.0551640589560588e-05,4.417720243818235e-07,6.53425,0.0052,3.0,4.955501502514446e-05,2.8023130250435016e-08,1.4152687500803345e-05,6.373572565619824e-05,0.0,Portugal,PRT,braga,,,macOS-26.3.1-arm64-arm-64bit-Mach-O,3.14.4,3.2.6,8,Apple M2,1,Apple M2,-8.4204,41.5515,16.0,machine,51.69,0,74.49,6.021903991699219,N,1.0,0.0
2026-04-19T19:54:08,meta-llama-0shot,3568c52a-d6d4-494c-8c1a-e6d1840ae107,5b0fa12a-3dd7-45bb-9766-cc326314d9f1,26.951854292012285,1.48536428014521e-05,5.511176574538796e-07,8.912450000000003,0.01575,3.0,7.313110161519864e-05,1.2073873401508414e-07,1.646953468749416e-05,8.972137503670788e-05,0.0,Portugal,PRT,braga,,,macOS-26.3.1-arm64-arm-64bit-Mach-O,3.14.4,3.2.6,8,Apple M2,1,Apple M2,-8.4204,41.5515,16.0,machine,52.07826086956521,0,79.70434782608696,5.137732464334239,N,1.0,0.0
2026-04-19T19:54:29,meta-llama-3shot,41bf7e82-a7d5-42d6-8b83-d4e0e13f11ae,5b0fa12a-3dd7-45bb-9766-cc326314d9f1,19.59799937499338,9.405694668153376e-06,4.79931368920995e-07,3.6037500000000007,0.0103030303030303,3.0,3.0649172743594396e-05,9.984183228211045e-08,2.606478322998252e-05,5.6813797805859014e-05,0.0,Portugal,PRT,braga,,,macOS-26.3.1-arm64-arm-64bit-Mach-O,3.14.4,3.2.6,8,Apple M2,1,Apple M2,-8.4204,41.5515,16.0,machine,43.15625,0,78.4125,5.262495994567871,N,1.0,0.0
2026-04-19T19:55:54,codellama-0shot,3d64fc49-cd29-47f3-8e12-10b228a81827,5b0fa12a-3dd7-45bb-9766-cc326314d9f1,26.660393916012257,1.588360119484044e-05,5.957751879015087e-07,9.7898,0.12735,3.0,7.885306678950315e-05,8.38354198473238e-07,1.6251275277512225e-05,9.594269626548862e-05,0.0,Portugal,PRT,braga,,,macOS-26.3.1-arm64-arm-64bit-Mach-O,3.14.4,3.2.6,8,Apple M2,1,Apple M2,-8.4204,41.5515,16.0,machine,58.74782608695652,0,75.29130434782608,5.87452565068784,N,1.0,0.0
2026-04-19T19:56:20,codellama-3shot,a34741fd-eff0-435e-b381-53aea31be635,5b0fa12a-3dd7-45bb-9766-cc326314d9f1,23.680619666993152,1.0663328760969428e-05,4.502977080381193e-07,6.2605,0.01175,3.0,5.047384762437625e-05,5.7628351896947104e-08,1.387888663249517e-05,6.441036260876836e-05,0.0,Portugal,PRT,braga,,,macOS-26.3.1-arm64-arm-64bit-Mach-O,3.14.4,3.2.6,8,Apple M2,1,Apple M2,-8.4204,41.5515,16.0,machine,50.18,0,75.61,5.829494476318359,N,1.0,0.0
2026-04-19T19:56:54,meta-llama-0shot,bb4033ed-7628-4f87-ae91-00beea659654,5b0fa12a-3dd7-45bb-9766-cc326314d9f1,28.40892729201005,1.4253266441940148e-05,5.017178683106718e-07,8.408500000000004,0.02975,3.0,6.822910146476191e-05,1.9080296290771932e-07,1.7674980243342965e-05,8.609488467101259e-05,0.0,Portugal,PRT,braga,,,macOS-26.3.1-arm64-arm-64bit-Mach-O,3.14.4,3.2.6,8,Apple M2,1,Apple M2,-8.4204,41.5515,16.0,machine,55.69166666666666,0,80.01666666666667,5.110490163167317,N,1.0,0.0
2026-04-19T19:57:16,meta-llama-3shot,68906cb2-3315-4b20-8a0e-18b924eaa4ef,5b0fa12a-3dd7-45bb-9766-cc326314d9f1,20.22241766701336,1.261483990022709e-05,6.238047353163075e-07,5.913200000000001,0.0228,3.0,4.942207271146403e-05,2.2599904050325618e-07,2.655012399336556e-05,7.619819574533286e-05,0.0,Portugal,PRT,braga,,,macOS-26.3.1-arm64-arm-64bit-Mach-O,3.14.4,3.2.6,8,Apple M2,1,Apple M2,-8.4204,41.5515,16.0,machine,41.375,0,79.375,5.174944877624512,N,1.0,0.0
2026-04-20T03:36:41,codellama-0shot,5941bdc5-5976-4b86-95ec-011e51a48680,5b0fa12a-3dd7-45bb-9766-cc326314d9f1,23.691102042008424,1.855953585308716e-05,7.833968981340712e-07,12.5363,0.0043,3.0,9.806572194687146e-05,2.2698884931258773e-08,1.4017888646655288e-05,0.0001121063094784,0.0,Portugal,PRT,braga,,,macOS-26.3.1-arm64-arm-64bit-Mach-O,3.14.4,3.2.6,8,Apple M2,1,Apple M2,-8.4204,41.5515,16.0,machine,54.67999999999999,0,58.435,8.171849060058594,N,1.0,0.0
2026-04-20T03:37:07,codellama-3shot,a85a371d-dc67-4875-a46a-da1cb11d9b3d,5b0fa12a-3dd7-45bb-9766-cc326314d9f1,24.34390262499801,1.1663663310445444e-05,4.791205210650319e-07,7.328499999999999,0.0024,3.0,5.582910254912247e-05,1.5696097199166415e-08,1.4607946459145753e-05,7.045274510546739e-05,0.0,Portugal,PRT,braga,,,macOS-26.3.1-arm64-arm-64bit-Mach-O,3.14.4,3.2.6,8,Apple M2,1,Apple M2,-8.4204,41.5515,16.0,machine,67.935,0,59.029999999999994,8.272494506835937,N,1.0,0.0
2026-04-20T03:37:36,meta-llama-0shot,4549558f-1faa-442d-be79-a7cc2b4d3565,5b0fa12a-3dd7-45bb-9766-cc326314d9f1,23.7379675420234,1.5357084217252396e-05,6.469418323226578e-07,9.84135,0.0037999999999999,3.0,7.871918016678763e-05,2.1760301203236544e-08,1.4021402813329286e-05,9.276234328132016e-05,0.0,Portugal,PRT,braga,,,macOS-26.3.1-arm64-arm-64bit-Mach-O,3.14.4,3.2.6,8,Apple M2,1,Apple M2,-8.4204,41.5515,16.0,machine,67.85,0,61.275,7.915594482421875,N,1.0,0.0
2026-04-20T03:37:58,meta-llama-3shot,f0cb18c0-bf2e-4f57-9b58-f7767d242899,5b0fa12a-3dd7-45bb-9766-cc326314d9f1,19.437901041004807,1.0084750143374638e-05,5.188188849248985e-07,4.083683333333333,0.004060606060606,3.0,3.490208859782733e-05,3.8839300617110484e-08,2.597461058998306e-05,6.09155384884275e-05,0.0,Portugal,PRT,braga,,,macOS-26.3.1-arm64-arm-64bit-Mach-O,3.14.4,3.2.6,8,Apple M2,1,Apple M2,-8.4204,41.5515,16.0,machine,49.56875,0,61.36875,7.900516510009766,N,1.0,0.0
2026-04-20T03:42:34,codellama-0shot,d80c1fe0-feda-4b18-824a-2bdc9974c7d7,5b0fa12a-3dd7-45bb-9766-cc326314d9f1,23.280662542005302,1.796250197321411e-05,7.715631778436015e-07,13.7791,0.009,3.0,9.482518175098107e-05,4.4605203579083746e-08,1.3630221944185905e-05,0.0001085000088987,0.0,Portugal,PRT,braga,,,macOS-26.3.1-arm64-arm-64bit-Mach-O,3.14.4,3.2.6,8,Apple M2,1,Apple M2,-8.4204,41.5515,16.0,machine,43.43157894736842,0,59.805263157894736,8.150935925935444,N,1.0,0.0
2026-04-20T03:43:27,codellama-0shot,c742572b-66f2-4bf9-95b0-4ea70ec8bc76,5b0fa12a-3dd7-45bb-9766-cc326314d9f1,23.136130625003716,1.6973178100546e-05,7.336221590226812e-07,10.7754,0.0024,3.0,8.898166802523995e-05,1.5069347252234972e-08,1.3527397500001826e-05,0.0001025241348724,0.0,Portugal,PRT,braga,,,macOS-26.3.1-arm64-arm-64bit-Mach-O,3.14.4,3.2.6,8,Apple M2,1,Apple M2,-8.4204,41.5515,16.0,machine,40.84736842105264,0,44.09473684210527,5.726719103361431,N,1.0,0.0
2026-04-20T03:43:52,codellama-3shot,ee6317c9-b125-464d-8208-f0e93fb2d0c0,5b0fa12a-3dd7-45bb-9766-cc326314d9f1,21.438572125014616,2.1587244253448137e-05,1.00693479619662e-06,12.203386363636364,0.00475,3.0,0.0001027631622057,2.8262859315909743e-08,2.7603338264185976e-05,0.0001303947633292,0.0,Portugal,PRT,braga,,,macOS-26.3.1-arm64-arm-64bit-Mach-O,3.14.4,3.2.6,8,Apple M2,1,Apple M2,-8.4204,41.5515,16.0,machine,44.53333333333333,0,45.00555555555556,5.870401170518663,N,1.0,0.0
2026-04-20T03:44:04,codellama-0shot,1599dc40-1391-4054-a11d-f0452ad741b3,5b0fa12a-3dd7-45bb-9766-cc326314d9f1,10.88373825000599,1.0759645906790977e-06,9.885983712246165e-08,0.1028999999999999,0.0018,3.0,2.1538309486491682e-07,4.5997750000096855e-09,6.27923243084903e-06,6.499215300713957e-06,0.0,Portugal,PRT,braga,,,macOS-26.3.1-arm64-arm-64bit-Mach-O,3.14.4,3.2.6,8,Apple M2,1,Apple M2,-8.4204,41.5515,16.0,machine,38.1,0,44.94285714285714,5.865033830915179,N,1.0,0.0
2026-04-20T03:44:28,codellama-3shot,e3571a05-9b10-494f-9e81-a4fd21f10be4,5b0fa12a-3dd7-45bb-9766-cc326314d9f1,23.16854320798302,1.1062848152224909e-05,4.774943358723159e-07,6.4368,0.0028,3.0,5.3390907537208566e-05,1.1729686328690955e-08,1.3420967013322904e-05,6.682360423686015e-05,0.0,Portugal,PRT,braga,,,macOS-26.3.1-arm64-arm-64bit-Mach-O,3.14.4,3.2.6,8,Apple M2,1,Apple M2,-8.4204,41.5515,16.0,machine,36.17368421052631,0,45.07368421052632,5.884686921772204,N,1.0,0.0
2026-04-20T03:44:43,codellama-0shot,99e4d74e-4143-4429-ae8d-c9e96f08bb3c,5b0fa12a-3dd7-45bb-9766-cc326314d9f1,10.844745582988253,1.0711320124703727e-06,9.8769676455169e-08,0.1039999999999999,0.0019,3.0,2.166225797955283e-07,4.836402279913373e-09,6.248565798329461e-06,6.470024780404902e-06,0.0,Portugal,PRT,braga,,,macOS-26.3.1-arm64-arm-64bit-Mach-O,3.14.4,3.2.6,8,Apple M2,1,Apple M2,-8.4204,41.5515,16.0,machine,36.628571428571426,0,45.12857142857143,5.893517630440848,N,1.0,0.0
2026-04-20T03:45:05,codellama-3shot,da4450e5-26a3-4f1d-a0d9-636af734237d,5b0fa12a-3dd7-45bb-9766-cc326314d9f1,20.510157708020415,1.961823701832251e-05,9.565132212830755e-07,10.986949999999997,0.00285,3.0,9.167948962718304e-05,9.132853983432545e-09,2.6812624964198523e-05,0.0001185012474453,0.0,Portugal,PRT,braga,,,macOS-26.3.1-arm64-arm-64bit-Mach-O,3.14.4,3.2.6,8,Apple M2,1,Apple M2,-8.4204,41.5515,16.0,machine,32.38823529411765,0,45.21764705882353,5.9057446648092835,N,1.0,0.0
2026-04-20T03:45:21,codellama-0shot,8d281353-c9d3-4de1-bce6-cb44c309c7ef,5b0fa12a-3dd7-45bb-9766-cc326314d9f1,11.186554957996124,1.1260302568316103e-06,1.006592522058569e-07,0.1169999999999999,0.0048,3.0,2.548363742598303e-07,1.268292944401037e-08,6.534110729165454e-06,6.801630032869295e-06,0.0,Portugal,PRT,braga,,,macOS-26.3.1-arm64-arm-64bit-Mach-O,3.14.4,3.2.6,8,Apple M2,1,Apple M2,-8.4204,41.5515,16.0,machine,34.42857142857143,0,45.228571428571435,5.913360595703125,N,1.0,0.0
2026-04-20T03:45:47,codellama-3shot,58a967e1-40e0-4843-9f55-72ab53cdd363,5b0fa12a-3dd7-45bb-9766-cc326314d9f1,24.669309167016763,1.775252060740231e-05,7.196196896805565e-07,11.1262,0.0034,3.0,9.246390972741604e-05,2.5127161370496548e-08,1.474260861085592e-05,0.0001072316454996,0.0,Portugal,PRT,braga,,,macOS-26.3.1-arm64-arm-64bit-Mach-O,3.14.4,3.2.6,8,Apple M2,1,Apple M2,-8.4204,41.5515,16.0,machine,36.69047619047619,0,45.30952380952381,5.9259084065755205,N,1.0,0.0
2026-04-20T03:46:00,codellama-0shot,cc36c44a-1211-4cad-95ad-1838fa4da18a,5b0fa12a-3dd7-45bb-9766-cc326314d9f1,8.745761583995773,7.70059776862914e-07,8.80494819653074e-08,0.1134,0.0036999999999999,3.0,1.691618932708662e-07,7.2466105049817194e-09,4.47503107667823e-06,4.651439580454078e-06,0.0,Portugal,PRT,braga,,,macOS-26.3.1-arm64-arm-64bit-Mach-O,3.14.4,3.2.6,8,Apple M2,1,Apple M2,-8.4204,41.5515,16.0,machine,30.46,0,45.4,5.9355621337890625,N,1.0,0.0
2026-04-20T03:46:21,codellama-3shot,7763f129-ae81-4bde-85bb-e690eeb9b116,5b0fa12a-3dd7-45bb-9766-cc326314d9f1,20.201872415986145,1.900644473234423e-05,9.408258967769764e-07,10.5752,0.00605,3.0,8.821969360870751e-05,5.952558432291456e-08,2.6526581561677934e-05,0.0001148058007547,0.0,Portugal,PRT,braga,,,macOS-26.3.1-arm64-arm-64bit-Mach-O,3.14.4,3.2.6,8,Apple M2,1,Apple M2,-8.4204,41.5515,16.0,machine,31.29375,0,45.46875,5.948885917663574,N,1.0,0.0
2026-04-20T03:46:50,codellama-0shot,7a58315f-3ef1-4f60-99d4-cc6a883e9330,5b0fa12a-3dd7-45bb-9766-cc326314d9f1,24.461422624997795,1.4827498141657308e-05,6.061584548441056e-07,9.03375,0.0029,3.0,7.509968288224689e-05,1.6838848690993882e-08,1.4446930104168131e-05,8.956345183510603e-05,0.0,Portugal,PRT,braga,,,macOS-26.3.1-arm64-arm-64bit-Mach-O,3.14.4,3.2.6,8,Apple M2,1,Apple M2,-8.4204,41.5515,16.0,machine,43.48,0,45.44,5.94915771484375,N,1.0,0.0
2026-04-20T03:47:16,codellama-3shot,977341f8-5fa1-4a3d-be26-be694f39e15c,5b0fa12a-3dd7-45bb-9766-cc326314d9f1,24.12683366698911,1.6361716724395807e-05,6.781543301631943e-07,10.18545,0.0033,3.0,8.459693680591217e-05,2.4337379312336755e-08,1.4209412811663544e-05,9.883068699688803e-05,0.0,Portugal,PRT,braga,,,macOS-26.3.1-arm64-arm-64bit-Mach-O,3.14.4,3.2.6,8,Apple M2,1,Apple M2,-8.4204,41.5515,16.0,machine,37.27,0,45.715,5.995697784423828,N,1.0,0.0
2026-04-20T03:47:28,codellama-0shot,6a861af6-4a96-4e16-a7cb-26eb12e3bb41,5b0fa12a-3dd7-45bb-9766-cc326314d9f1,9.059636541991496,8.090375155724806e-07,8.930132150694838e-08,0.0833,0.0036999999999999,3.0,1.3182612673586928e-07,7.583787822424912e-09,4.7474693058272045e-06,4.886879220385499e-06,0.0,Portugal,PRT,braga,,,macOS-26.3.1-arm64-arm-64bit-Mach-O,3.14.4,3.2.6,8,Apple M2,1,Apple M2,-8.4204,41.5515,16.0,machine,30.02,0,45.7,5.998828125,N,1.0,0.0
2026-04-20T03:47:52,codellama-3shot,47fc5d41-73bd-4988-b191-5adb08ce0a84,5b0fa12a-3dd7-45bb-9766-cc326314d9f1,21.888470208010403,1.9035583336477622e-05,8.696625737467609e-07,10.3721,0.0096,3.0,8.697954191307473e-05,6.988300908803892e-08,2.7932383540852848e-05,0.000114981808463,0.0,Portugal,PRT,braga,,,macOS-26.3.1-arm64-arm-64bit-Mach-O,3.14.4,3.2.6,8,Apple M2,1,Apple M2,-8.4204,41.5515,16.0,machine,34.766666666666666,0,45.87222222222222,6.021553039550781,N,1.0,0.0
2026-04-20T03:48:05,codellama-0shot,7d32d1e5-e074-44dd-926d-4213a502fbda,5b0fa12a-3dd7-45bb-9766-cc326314d9f1,9.196739333012374,8.183056801431057e-07,8.8977805123359e-08,0.0542,0.0019,3.0,8.764905198618686e-08,3.9642421570614624e-09,4.851248992514835e-06,4.942862286658083e-06,0.0,Portugal,PRT,braga,,,macOS-26.3.1-arm64-arm-64bit-Mach-O,3.14.4,3.2.6,8,Apple M2,1,Apple M2,-8.4204,41.5515,16.0,machine,28.339999999999996,0,45.9,6.024423217773437,N,1.0,0.0
2026-04-20T03:48:39,codellama-3shot,e7940963-6b0a-4b03-8ecd-4cc3a97ba9c9,5b0fa12a-3dd7-45bb-9766-cc326314d9f1,32.084765250008786,1.2828121015509216e-05,3.998196937253796e-07,6.8172,0.0033,3.0,5.6771542859117016e-05,2.5430118982902463e-08,2.0689517846646293e-05,7.748649082474624e-05,0.0,Portugal,PRT,braga,,,macOS-26.3.1-arm64-arm-64bit-Mach-O,3.14.4,3.2.6,8,Apple M2,1,Apple M2,-8.4204,41.5515,16.0,machine,50.74285714285714,0,46.903571428571425,6.193202972412109,N,1.0,0.0
2026-04-20T03:48:52,codellama-0shot,3bbfe5a0-3cd9-47cc-8052-b81498e25913,5b0fa12a-3dd7-45bb-9766-cc326314d9f1,9.059473375004018,7.971028667909318e-07,8.798556315538358e-08,0.0499,0.0018,3.0,7.871827225671182e-08,3.681387770498986e-09,4.732389964992763e-06,4.814789625019974e-06,0.0,Portugal,PRT,braga,,,macOS-26.3.1-arm64-arm-64bit-Mach-O,3.14.4,3.2.6,8,Apple M2,1,Apple M2,-8.4204,41.5515,16.0,machine,34.08,0,47.1,6.221383666992187,N,1.0,0.0
2026-04-20T03:49:19,codellama-3shot,7e5b9a30-ae62-4842-a942-3c448c2af552,5b0fa12a-3dd7-45bb-9766-cc326314d9f1,24.902304042014293,1.6047206861964696e-05,6.444065109353099e-07,9.89655,0.0061,3.0,8.205637766898977e-05,3.4795654078035225e-08,1.4839760347507156e-05,9.693093367057496e-05,0.0,Portugal,PRT,braga,,,macOS-26.3.1-arm64-arm-64bit-Mach-O,3.14.4,3.2.6,8,Apple M2,1,Apple M2,-8.4204,41.5515,16.0,machine,43.56190476190475,0,47.12857142857143,6.235788254510789,N,1.0,0.0
2026-04-20T03:49:37,codellama-0shot,36ec9f5f-e10f-4057-a033-b1743c09bb77,5b0fa12a-3dd7-45bb-9766-cc326314d9f1,14.23373070798698,1.5224971529232414e-06,1.0696402680071233e-07,0.0499,0.0036999999999999,3.0,1.5025650628464069e-07,1.2884549826393292e-08,9.033292429982491e-06,9.196433486093524e-06,0.0,Portugal,PRT,braga,,,macOS-26.3.1-arm64-arm-64bit-Mach-O,3.14.4,3.2.6,8,Apple M2,1,Apple M2,-8.4204,41.5515,16.0,machine,43.34,0,46.82,6.190676879882813,N,1.0,0.0
2026-04-20T03:50:02,codellama-3shot,fa08d6ed-0978-4f0c-ade5-0c7c640d3ef5,5b0fa12a-3dd7-45bb-9766-cc326314d9f1,23.02858941702289,1.529952991397262e-05,6.643711274240317e-07,9.51255,0.0046,3.0,7.915557695643418e-05,2.8835744180917064e-08,1.3230281771684532e-05,9.241469447229964e-05,0.0,Portugal,PRT,braga,,,macOS-26.3.1-arm64-arm-64bit-Mach-O,3.14.4,3.2.6,8,Apple M2,1,Apple M2,-8.4204,41.5515,16.0,machine,36.252631578947366,0,46.973684210526315,6.21630859375,N,1.0,0.0
2026-04-20T03:50:17,codellama-0shot,0a7d3946-6549-4333-897b-af876c7489f6,5b0fa12a-3dd7-45bb-9766-cc326314d9f1,11.022697667009195,1.1748586551472586e-06,1.0658540138169593e-07,0.3392,0.0047,3.0,7.196589413745743e-07,1.2174500899288331e-08,6.36473777750022e-06,7.096571219774082e-06,0.0,Portugal,PRT,braga,,,macOS-26.3.1-arm64-arm-64bit-Mach-O,3.14.4,3.2.6,8,Apple M2,1,Apple M2,-8.4204,41.5515,16.0,machine,35.82857142857143,0,46.971428571428575,6.23724365234375,N,1.0,0.0
2026-04-20T03:50:42,codellama-3shot,9e10b46c-6efb-4a63-9932-d74c2a40b376,5b0fa12a-3dd7-45bb-9766-cc326314d9f1,23.16539241600549,1.5393705563613895e-05,6.645130497758388e-07,9.56615,0.0043,3.0,7.95481791254622e-05,2.8912729541168832e-08,1.340645760416616e-05,9.298354945916954e-05,0.0,Portugal,PRT,braga,,,macOS-26.3.1-arm64-arm-64bit-Mach-O,3.14.4,3.2.6,8,Apple M2,1,Apple M2,-8.4204,41.5515,16.0,machine,35.8421052631579,0,47.26315789473684,6.288270649157073,N,1.0,0.0
2026-04-20T03:50:54,codellama-0shot,d45b908c-5da2-4693-9d5b-b81101a5ae02,5b0fa12a-3dd7-45bb-9766-cc326314d9f1,8.646184334007557,9.199031164443734e-07,1.063941133924441e-07,0.7683,0.0019,3.0,1.1321770262589757e-06,3.677015617248091e-09,4.4206935075150495e-06,5.556547549391273e-06,0.0,Portugal,PRT,braga,,,macOS-26.3.1-arm64-arm-64bit-Mach-O,3.14.4,3.2.6,8,Apple M2,1,Apple M2,-8.4204,41.5515,16.0,machine,29.360000000000003,0,47.3,6.2997802734375,N,1.0,0.0
2026-04-20T03:51:17,codellama-3shot,d53c47b3-934e-4ead-b2a9-8177d76adc23,5b0fa12a-3dd7-45bb-9766-cc326314d9f1,21.64522341598058,1.9038366216547728e-05,8.795643200657277e-07,10.32764090909091,0.004975,3.0,8.724641326550203e-05,3.48377863762378e-08,2.7717367013319745e-05,0.0001149986180651,0.0,Portugal,PRT,braga,,,macOS-26.3.1-arm64-arm-64bit-Mach-O,3.14.4,3.2.6,8,Apple M2,1,Apple M2,-8.4204,41.5515,16.0,machine,41.97222222222222,0,47.4,6.310398525661892,N,1.0,0.0
2026-04-20T03:51:36,codellama-0shot,74e01c51-2ae6-48e0-a451-3b0531f2f523,5b0fa12a-3dd7-45bb-9766-cc326314d9f1,14.650688416993944,1.5840250710593427e-06,1.081194975945271e-07,0.0562,0.0018,3.0,1.7583013519852345e-07,6.4730850625055615e-09,9.385781145829242e-06,9.568084366090273e-06,0.0,Portugal,PRT,braga,,,macOS-26.3.1-arm64-arm-64bit-Mach-O,3.14.4,3.2.6,8,Apple M2,1,Apple M2,-8.4204,41.5515,16.0,machine,50.72727272727273,0,47.5,6.332035411487926,N,1.0,0.0
2026-04-20T03:52:04,codellama-3shot,0ce337a3-3889-422c-8571-c9ecf09df032,5b0fa12a-3dd7-45bb-9766-cc326314d9f1,26.435499541985337,1.5975229234708e-05,6.043097165361242e-07,10.12395,0.0042,3.0,8.032767194601155e-05,2.2494711036777722e-08,1.6145996110814546e-05,9.649616276786286e-05,0.0,Portugal,PRT,braga,,,macOS-26.3.1-arm64-arm-64bit-Mach-O,3.14.4,3.2.6,8,Apple M2,1,Apple M2,-8.4204,41.5515,16.0,machine,48.49090909090909,0,48.71363636363637,6.523955605246804,N,1.0,0.0
2026-04-20T03:52:16,codellama-0shot,3f4608ed-9f2a-41a6-9bc1-91c79e940fb5,5b0fa12a-3dd7-45bb-9766-cc326314d9f1,7.937556666991441,8.676308234384959e-07,1.093070399165229e-07,1.1028,0.0027999999999999,3.0,1.4074228191591875e-06,4.866347079223486e-09,3.8285148266732e-06,5.240803992911611e-06,0.0,Portugal,PRT,braga,,,macOS-26.3.1-arm64-arm-64bit-Mach-O,3.14.4,3.2.6,8,Apple M2,1,Apple M2,-8.4204,41.5515,16.0,machine,40.075,0,49.025,6.579730987548828,N,1.0,0.0
2026-04-20T03:52:40,codellama-3shot,34132687-986d-40c2-a8a4-ee352617b6c3,5b0fa12a-3dd7-45bb-9766-cc326314d9f1,21.140822957997443,1.8568302012799835e-05,8.783150045620888e-07,10.05235,0.00095,3.0,8.482537820191006e-05,3.851769062554619e-10,2.7333496874998676e-05,0.0001121592602538,0.0,Portugal,PRT,braga,,,macOS-26.3.1-arm64-arm-64bit-Mach-O,3.14.4,3.2.6,8,Apple M2,1,Apple M2,-8.4204,41.5515,16.0,machine,46.811764705882354,0,48.94705882352941,6.566731172449448,N,1.0,0.0
2026-04-20T03:52:58,codellama-0shot,89bab224-f312-4f7f-8ce4-a48e6047a11f,5b0fa12a-3dd7-45bb-9766-cc326314d9f1,14.82084270802443,1.916268125476436e-06,1.292954903595943e-07,0.6345000000000001,0.0019,3.0,2.0195384395329897e-06,6.9344939930653915e-09,9.54847965251247e-06,1.1574952586038524e-05,0.0,Portugal,PRT,braga,,,macOS-26.3.1-arm64-arm-64bit-Mach-O,3.14.4,3.2.6,8,Apple M2,1,Apple M2,-8.4204,41.5515,16.0,machine,48.59090909090909,0,48.91818181818182,6.564544677734375,N,1.0,0.0
2026-04-20T03:53:24,codellama-3shot,c194e028-0fe8-4a72-bd5a-28e6c83d0014,5b0fa12a-3dd7-45bb-9766-cc326314d9f1,23.62501724998583,1.0712579872960096e-05,4.534422032206779e-07,6.2397,0.0038,3.0,5.093432349552176e-05,2.4929199476674615e-08,1.3748604444166026e-05,6.470785713916447e-05,0.0,Portugal,PRT,braga,,,macOS-26.3.1-arm64-arm-64bit-Mach-O,3.14.4,3.2.6,8,Apple M2,1,Apple M2,-8.4204,41.5515,16.0,machine,45.03,0,49.3,6.618590545654297,N,1.0,0.0
2026-04-20T03:53:39,codellama-0shot,c2bbadac-f8b1-4f1b-af3e-b494928fd518,5b0fa12a-3dd7-45bb-9766-cc326314d9f1,11.635808833991176,1.4247054090246933e-06,1.2244145889220558e-07,0.7317,0.0048,3.0,1.6848149437550382e-06,1.3275551555988693e-08,6.907645486668722e-06,8.605735981979748e-06,0.0,Portugal,PRT,braga,,,macOS-26.3.1-arm64-arm-64bit-Mach-O,3.14.4,3.2.6,8,Apple M2,1,Apple M2,-8.4204,41.5515,16.0,machine,42.6625,0,49.3,6.623207092285156,N,1.0,0.0
2026-04-20T03:54:06,codellama-3shot,d98e53ae-5dbb-4074-ae7d-1362efdf6c85,5b0fa12a-3dd7-45bb-9766-cc326314d9f1,25.413718833005987,1.1438951605046343e-05,4.501093161615546e-07,6.686999999999999,0.0052499999999999,3.0,5.36630233943006e-05,2.76489547288996e-08,1.5404732778309457e-05,6.909540512733894e-05,0.0,Portugal,PRT,braga,,,macOS-26.3.1-arm64-arm-64bit-Mach-O,3.14.4,3.2.6,8,Apple M2,1,Apple M2,-8.4204,41.5515,16.0,machine,43.55714285714286,0,49.39999999999999,6.636149815150669,N,1.0,0.0
2026-04-20T03:54:22,codellama-0shot,33295771-4522-421e-99a4-7df0ff785100,5b0fa12a-3dd7-45bb-9766-cc326314d9f1,12.398031165997963,1.5145615799731902e-06,1.2216145932322936e-07,0.6390999999999999,0.0058,3.0,1.6036598109562584e-06,1.72555350902597e-08,7.527584409156892e-06,9.14849975520341e-06,0.0,Portugal,PRT,braga,,,macOS-26.3.1-arm64-arm-64bit-Mach-O,3.14.4,3.2.6,8,Apple M2,1,Apple M2,-8.4204,41.5515,16.0,machine,51.5,0,49.6125,6.673089981079102,N,1.0,0.0
2026-04-20T03:54:51,codellama-3shot,d5e866c9-57e7-41de-a89d-1ba2ec54ccf7,5b0fa12a-3dd7-45bb-9766-cc326314d9f1,26.552109875017777,1.1811931649036735e-05,4.448584954128369e-07,7.02695,0.00285,3.0,5.506470056443584e-05,1.8356087662689488e-08,1.6265282846652554e-05,7.134833949875107e-05,0.0,Portugal,PRT,braga,,,macOS-26.3.1-arm64-arm-64bit-Mach-O,3.14.4,3.2.6,8,Apple M2,1,Apple M2,-8.4204,41.5515,16.0,machine,51.13636363636363,0,49.91818181818182,6.723351218483665,N,1.0,0.0
2026-04-20T03:55:05,codellama-0shot,a0a98a81-53bb-40bb-a154-416a25987f34,5b0fa12a-3dd7-45bb-9766-cc326314d9f1,10.48756041598972,1.2898037177088632e-06,1.229841513706449e-07,0.9393,0.0047,3.0,1.854980018571092e-06,1.1487968525727213e-08,5.924412985817374e-06,7.790880972914192e-06,0.0,Portugal,PRT,braga,,,macOS-26.3.1-arm64-arm-64bit-Mach-O,3.14.4,3.2.6,8,Apple M2,1,Apple M2,-8.4204,41.5515,16.0,machine,58.75714285714286,0,49.8,6.703223092215402,N,1.0,0.0
2026-04-20T03:55:30,codellama-3shot,eabdc4c9-dc03-4336-98f3-adff227f9ad6,5b0fa12a-3dd7-45bb-9766-cc326314d9f1,23.34774258401012,1.4340285867619647e-05,6.142043846860253e-07,9.24255,0.0028,3.0,7.305979638341172e-05,1.5401120843120024e-08,1.35453159725148e-05,8.662051347676966e-05,0.0,Portugal,PRT,braga,,,macOS-26.3.1-arm64-arm-64bit-Mach-O,3.14.4,3.2.6,8,Apple M2,1,Apple M2,-8.4204,41.5515,16.0,machine,51.421052631578945,0,49.51052631578948,6.655788220857319,N,1.0,0.0
2026-04-20T03:55:43,codellama-0shot,81d25214-dd05-4471-9dac-ab271f56d941,5b0fa12a-3dd7-45bb-9766-cc326314d9f1,9.77778179201414,1.092307735825793e-06,1.1171324530047496e-07,0.7065,0.0019,3.0,1.2568557398868143e-06,4.267999599361954e-09,5.336810069178076e-06,6.597933808664252e-06,0.0,Portugal,PRT,braga,,,macOS-26.3.1-arm64-arm-64bit-Mach-O,3.14.4,3.2.6,8,Apple M2,1,Apple M2,-8.4204,41.5515,16.0,machine,50.083333333333336,0,49.4,6.638593037923177,N,1.0,0.0
2026-04-20T03:56:10,codellama-3shot,0bca9868-3794-495d-aff4-70554f1fc8f5,5b0fa12a-3dd7-45bb-9766-cc326314d9f1,24.610872958990512,1.2226648693289868e-05,4.967986594243661e-07,7.392650000000001,0.0028,3.0,5.922356596993105e-05,1.637774214376178e-08,1.4613436735817231e-05,7.385338044789202e-05,0.0,Portugal,PRT,braga,,,macOS-26.3.1-arm64-arm-64bit-Mach-O,3.14.4,3.2.6,8,Apple M2,1,Apple M2,-8.4204,41.5515,16.0,machine,50.07619047619047,0,49.42857142857143,6.644632975260417,N,1.0,0.0
2026-04-20T03:56:28,codellama-0shot,cba24a36-fb24-43d2-881b-223c87c0c366,5b0fa12a-3dd7-45bb-9766-cc326314d9f1,14.361104416981108,1.88499600545386e-06,1.3125703641740605e-07,0.7222000000000001,0.0047,3.0,2.206002972810987e-06,1.6542718107631826e-08,9.16351197915598e-06,1.1386057670074598e-05,0.0,Portugal,PRT,braga,,,macOS-26.3.1-arm64-arm-64bit-Mach-O,3.14.4,3.2.6,8,Apple M2,1,Apple M2,-8.4204,41.5515,16.0,machine,54.75,0,49.4,6.639239501953125,N,1.0,0.0
2026-04-20T03:56:56,codellama-3shot,2e2c232c-d9f1-41d2-8f3d-9e5add7bbe2b,5b0fa12a-3dd7-45bb-9766-cc326314d9f1,26.692351082980167,1.44022742758866e-05,5.395655943200117e-07,8.709750000000001,0.0023,3.0,7.065202464226753e-05,1.6256276453601054e-08,1.6326664964993448e-05,8.699494588371459e-05,0.0,Portugal,PRT,braga,,,macOS-26.3.1-arm64-arm-64bit-Mach-O,3.14.4,3.2.6,8,Apple M2,1,Apple M2,-8.4204,41.5515,16.0,machine,49.78260869565217,0,49.48695652173913,6.653965825619905,N,1.0,0.0
2026-04-20T03:57:28,meta-llama-0shot,004e0ff9-f8fd-41e4-bc44-fbeddfad895f,5b0fa12a-3dd7-45bb-9766-cc326314d9f1,25.28194420901127,1.1958791689861203e-05,4.7301709041817753e-07,7.1063,0.0067,3.0,5.717145073555643e-05,5.3215382743081954e-08,1.5010761145846724e-05,7.223542726414625e-05,0.0,Portugal,PRT,braga,,,macOS-26.3.1-arm64-arm-64bit-Mach-O,3.14.4,3.2.6,8,Apple M2,1,Apple M2,-8.4204,41.5515,16.0,machine,50.24761904761905,0,63.86190476190477,7.497783115931919,N,1.0,0.0
2026-04-20T03:57:48,meta-llama-3shot,1cf37207-53ff-4333-ace7-207f47c406b4,5b0fa12a-3dd7-45bb-9766-cc326314d9f1,19.10044937499333,9.748463893438535e-06,5.103787718314843e-07,3.8455499999999994,0.00495,3.0,3.3206688221559494e-05,4.724423273879074e-08,2.5630315450835043e-05,5.8884247905133325e-05,0.0,Portugal,PRT,braga,,,macOS-26.3.1-arm64-arm-64bit-Mach-O,3.14.4,3.2.6,8,Apple M2,1,Apple M2,-8.4204,41.5515,16.0,machine,39.92666666666666,0,63.6,7.544668579101563,N,1.0,0.0
2026-04-20T03:58:15,meta-llama-0shot,30d182d9-75fc-4ade-aaab-51a68c0bde6f,5b0fa12a-3dd7-45bb-9766-cc326314d9f1,26.01681600001757,1.2713360572259249e-05,4.88659356788727e-07,7.342350000000001,0.007,3.0,6.108492482836901e-05,4.5477105644107935e-08,1.566289430501153e-05,7.679329623902465e-05,0.0,Portugal,PRT,braga,,,macOS-26.3.1-arm64-arm-64bit-Mach-O,3.14.4,3.2.6,8,Apple M2,1,Apple M2,-8.4204,41.5515,16.0,machine,43.845454545454544,0,59.122727272727275,6.838977466930043,N,1.0,0.0
2026-04-20T03:58:39,meta-llama-3shot,7ec079af-c78b-45f9-9081-50d82fcba6e6,5b0fa12a-3dd7-45bb-9766-cc326314d9f1,20.51588016698952,1.5845155156720444e-05,7.723361136713808e-07,8.251,0.00465,3.0,6.889768594080382e-05,3.1044639458290477e-08,2.6781737709170555e-05,9.571046828943264e-05,0.0,Portugal,PRT,braga,,,macOS-26.3.1-arm64-arm-64bit-Mach-O,3.14.4,3.2.6,8,Apple M2,1,Apple M2,-8.4204,41.5515,16.0,machine,29.88125,0,59.4375,6.90242862701416,N,1.0,0.0
2026-04-20T03:59:06,meta-llama-0shot,a2a3670e-97b0-4f1c-87a5-da52a67f73bb,5b0fa12a-3dd7-45bb-9766-cc326314d9f1,24.28876091598067,1.2534725002955985e-05,5.160709945771182e-07,7.392450000000001,0.0047,3.0,6.146510043653387e-05,3.4280998643811076e-08,1.4214891353331045e-05,7.571427278850871e-05,0.0,Portugal,PRT,braga,,,macOS-26.3.1-arm64-arm-64bit-Mach-O,3.14.4,3.2.6,8,Apple M2,1,Apple M2,-8.4204,41.5515,16.0,machine,43.15,0,59.515,6.915824127197266,N,1.0,0.0
2026-04-20T03:59:28,meta-llama-3shot,e72499bd-7c4e-4ee3-a136-a53002155e27,5b0fa12a-3dd7-45bb-9766-cc326314d9f1,18.75889779199497,6.760816995159906e-06,3.604058761941209e-07,1.8053,0.0042,3.0,1.544616839266483e-05,3.9665929366789195e-08,2.5351945695001633e-05,4.083778001703325e-05,0.0,Portugal,PRT,braga,,,macOS-26.3.1-arm64-arm-64bit-Mach-O,3.14.4,3.2.6,8,Apple M2,1,Apple M2,-8.4204,41.5515,16.0,machine,34.07333333333333,0,59.44666666666667,6.909747314453125,N,1.0,0.0
2026-04-20T03:59:41,meta-llama-0shot,8fe8dc65-da77-4808-9546-9e01f61fd53e,5b0fa12a-3dd7-45bb-9766-cc326314d9f1,11.487096000026211,1.1566804065493993e-06,1.0069389222017121e-07,0.0966,0.0056,3.0,2.174861992918062e-07,1.5230643102892726e-08,6.754051180832903e-06,6.986768023227602e-06,0.0,Portugal,PRT,braga,,,macOS-26.3.1-arm64-arm-64bit-Mach-O,3.14.4,3.2.6,8,Apple M2,1,Apple M2,-8.4204,41.5515,16.0,machine,37.3875,0,59.75,6.960155487060547,N,1.0,0.0
2026-04-20T04:00:03,meta-llama-3shot,43353087-c6b9-4d7e-adb1-1e524e9fef0c,5b0fa12a-3dd7-45bb-9766-cc326314d9f1,20.981804582988843,1.4036849330566773e-05,6.69001051603886e-07,6.8961,0.00655,3.0,5.759840225415835e-05,3.637645343407269e-08,2.7152868333335696e-05,8.47876470409281e-05,0.0,Portugal,PRT,braga,,,macOS-26.3.1-arm64-arm-64bit-Mach-O,3.14.4,3.2.6,8,Apple M2,1,Apple M2,-8.4204,41.5515,16.0,machine,31.65882352941177,0,59.72352941176471,6.958047305836397,N,1.0,0.0
2026-04-20T04:00:33,meta-llama-0shot,bb2d7d99-9f53-42f6-9299-8e2bb2514daf,5b0fa12a-3dd7-45bb-9766-cc326314d9f1,26.14188941702014,8.617556680797829e-06,3.296455180927824e-07,4.428049999999999,0.00415,3.0,3.653835768165981e-05,3.0528627711808245e-08,1.548427298582586e-05,5.205315929519748e-05,0.0,Portugal,PRT,braga,,,macOS-26.3.1-arm64-arm-64bit-Mach-O,3.14.4,3.2.6,8,Apple M2,1,Apple M2,-8.4204,41.5515,16.0,machine,45.17727272727273,0,60.29545454545455,7.066294583407315,N,1.0,0.0
2026-04-20T04:00:53,meta-llama-3shot,b5bd4c6d-e7ae-4903-981a-5f6f3f0cedd8,5b0fa12a-3dd7-45bb-9766-cc326314d9f1,17.994805875001475,2.077393277759229e-06,1.1544405047709685e-07,0.1035,0.0028,3.0,4.180596581247301e-07,1.2670772009002072e-08,1.2117476354154257e-05,1.2548206784287988e-05,0.0,Portugal,PRT,braga,,,macOS-26.3.1-arm64-arm-64bit-Mach-O,3.14.4,3.2.6,8,Apple M2,1,Apple M2,-8.4204,41.5515,16.0,machine,33.392857142857146,0,60.221428571428575,7.059730529785156,N,1.0,0.0
2026-04-20T04:01:21,meta-llama-0shot,fe03ada4-e706-47a5-8367-81c353e7d4e6,5b0fa12a-3dd7-45bb-9766-cc326314d9f1,27.418411916005425,8.900420709550845e-06,3.246147419776434e-07,4.49225,0.0028,3.0,3.720447038356616e-05,1.838922714377016e-08,1.653890072918633e-05,5.376176033989626e-05,0.0,Portugal,PRT,braga,,,macOS-26.3.1-arm64-arm-64bit-Mach-O,3.14.4,3.2.6,8,Apple M2,1,Apple M2,-8.4204,41.5515,16.0,machine,43.98695652173913,0,60.21739130434783,7.061773548955503,N,1.0,0.0
2026-04-20T04:01:46,meta-llama-3shot,8c2e3a70-91bc-4010-abb0-f5f67464a782,5b0fa12a-3dd7-45bb-9766-cc326314d9f1,21.25860074997763,1.436035620649403e-05,6.75508062613629e-07,7.107450000000001,0.00505,3.0,5.933672259922543e-05,2.672024041484595e-08,2.7378302743309176e-05,8.674174558294945e-05,0.0,Portugal,PRT,braga,,,macOS-26.3.1-arm64-arm-64bit-Mach-O,3.14.4,3.2.6,8,Apple M2,1,Apple M2,-8.4204,41.5515,16.0,machine,33.811764705882354,0,60.21176470588235,7.064373240751379,N,1.0,0.0
2026-04-20T04:02:13,meta-llama-0shot,c1f5b9c0-31d8-4e68-a78b-610f6f2af40d,5b0fa12a-3dd7-45bb-9766-cc326314d9f1,25.704664042015793,9.775998230203694e-06,3.8032001562923553e-07,5.2681,0.00335,3.0,4.37794885266675e-05,2.5292148273887713e-08,1.5245784583336597e-05,5.905056525827798e-05,0.0,Portugal,PRT,braga,,,macOS-26.3.1-arm64-arm-64bit-Mach-O,3.14.4,3.2.6,8,Apple M2,1,Apple M2,-8.4204,41.5515,16.0,machine,44.15,0,60.22272727272728,7.0734336159446025,N,1.0,0.0
2026-04-20T04:02:37,meta-llama-3shot,ba91d545-597d-441d-bb48-55fb909f8b33,5b0fa12a-3dd7-45bb-9766-cc326314d9f1,19.95147591701243,7.665616756304069e-06,3.842130170313702e-07,2.3882833333333333,0.0054,3.0,1.9949583939949226e-05,5.132900177103875e-08,2.6302184895854832e-05,4.6303097837575085e-05,0.0,Portugal,PRT,braga,,,macOS-26.3.1-arm64-arm-64bit-Mach-O,3.14.4,3.2.6,8,Apple M2,1,Apple M2,-8.4204,41.5515,16.0,machine,32.05625,0,60.30625,7.081239700317383,N,1.0,0.0
2026-04-20T04:03:04,meta-llama-0shot,fe947486-86ba-486b-9c2d-c778a017e247,5b0fa12a-3dd7-45bb-9766-cc326314d9f1,25.29829429101665,9.586639444095394e-06,3.7894410325915067e-07,5.22575,0.00325,3.0,4.300302639275425e-05,1.8285772792860776e-08,1.488545753415868e-05,5.790676969970579e-05,0.0,Portugal,PRT,braga,,,macOS-26.3.1-arm64-arm-64bit-Mach-O,3.14.4,3.2.6,8,Apple M2,1,Apple M2,-8.4204,41.5515,16.0,machine,43.976190476190474,0,60.31904761904762,7.087806338355655,N,1.0,0.0
2026-04-20T04:03:29,meta-llama-3shot,99456dbc-3b08-42ab-99f2-8261f5b17450,5b0fa12a-3dd7-45bb-9766-cc326314d9f1,21.378858916985337,1.4091699335814176e-05,6.591417900521544e-07,6.89055,0.0024,3.0,5.763085450129763e-05,1.4042972923686548e-08,2.7474063437475703e-05,8.511896091169702e-05,0.0,Portugal,PRT,braga,,,macOS-26.3.1-arm64-arm-64bit-Mach-O,3.14.4,3.2.6,8,Apple M2,1,Apple M2,-8.4204,41.5515,16.0,machine,33.188235294117646,0,60.311764705882354,7.0861968994140625,N,1.0,0.0
2026-04-20T04:03:55,meta-llama-0shot,8e8b677e-9ccd-41e1-849a-6e413f2a1278,5b0fa12a-3dd7-45bb-9766-cc326314d9f1,23.956198708008746,8.721215246763007e-06,3.640483765000429e-07,4.729400000000001,0.00325,3.0,3.895315420373682e-05,1.6533968699492107e-08,1.37096063541685e-05,5.267929452660481e-05,0.0,Portugal,PRT,braga,,,macOS-26.3.1-arm64-arm-64bit-Mach-O,3.14.4,3.2.6,8,Apple M2,1,Apple M2,-8.4204,41.5515,16.0,machine,43.79,0,60.635000000000005,7.154326629638672,N,1.0,0.0
2026-04-20T04:04:19,meta-llama-3shot,69968c5d-a6b9-45dd-87b7-38fb6c438111,5b0fa12a-3dd7-45bb-9766-cc326314d9f1,19.989521959010744,7.459129255548518e-06,3.731519578529061e-07,2.230233333333333,0.0064666666666666,3.0,1.866239306567767e-05,6.217210894460572e-08,2.6331273472508957e-05,4.5055838647131234e-05,0.0,Portugal,PRT,braga,,,macOS-26.3.1-arm64-arm-64bit-Mach-O,3.14.4,3.2.6,8,Apple M2,1,Apple M2,-8.4204,41.5515,16.0,machine,32.88125,0,60.70625,7.1655683517456055,N,1.0,0.0
2026-04-20T04:04:34,meta-llama-0shot,c9507a15-ca14-46b9-acde-8f2b1a657d22,5b0fa12a-3dd7-45bb-9766-cc326314d9f1,13.17126649999409,1.3887511695856474e-06,1.0543793716316277e-07,0.0949,0.0027,3.0,2.5696359787786385e-07,8.600217531740784e-09,8.122995555822855e-06,8.38855937123246e-06,0.0,Portugal,PRT,braga,,,macOS-26.3.1-arm64-arm-64bit-Mach-O,3.14.4,3.2.6,8,Apple M2,1,Apple M2,-8.4204,41.5515,16.0,machine,43.44444444444444,0,60.96666666666667,7.211244371202257,N,1.0,0.0
2026-04-20T04:04:54,meta-llama-3shot,e2de91e0-89f2-4d5b-a9d7-009e4259772c,5b0fa12a-3dd7-45bb-9766-cc326314d9f1,19.35875720801414,8.394053823624739e-06,4.336049950639274e-07,2.8494285714285716,0.00565,3.0,2.481584751261648e-05,5.441937912914728e-08,2.5832854305845104e-05,5.070312119759073e-05,0.0,Portugal,PRT,braga,,,macOS-26.3.1-arm64-arm-64bit-Mach-O,3.14.4,3.2.6,8,Apple M2,1,Apple M2,-8.4204,41.5515,16.0,machine,32.446666666666665,0,61.11333333333334,7.241454060872396,N,1.0,0.0
2026-04-20T04:05:24,meta-llama-0shot,afd11e33-9990-49ad-8a3b-3f260cb83232,5b0fa12a-3dd7-45bb-9766-cc326314d9f1,26.17258212500019,9.099516952630451e-06,3.4767364217910106e-07,4.741599999999999,0.0023,3.0,3.9364524765074545e-05,1.5948166328451612e-08,1.5583900729179732e-05,5.4964373660582725e-05,0.0,Portugal,PRT,braga,,,macOS-26.3.1-arm64-arm-64bit-Mach-O,3.14.4,3.2.6,8,Apple M2,1,Apple M2,-8.4204,41.5515,16.0,machine,44.095454545454544,0,61.06818181818182,7.232056357643821,N,1.0,0.0
2026-04-20T04:05:48,meta-llama-3shot,27e92064-dfe3-4c47-a9ae-00357d038e51,5b0fa12a-3dd7-45bb-9766-cc326314d9f1,21.740922041004524,1.1833452867576686e-05,5.442939745268472e-07,5.225499999999999,0.0063714285714285,3.0,4.3672043743558585e-05,3.982263767492768e-08,2.7766469061656004e-05,7.14783354428895e-05,0.0,Portugal,PRT,braga,,,macOS-26.3.1-arm64-arm-64bit-Mach-O,3.14.4,3.2.6,8,Apple M2,1,Apple M2,-8.4204,41.5515,16.0,machine,35.111111111111114,0,60.916666666666664,7.213578118218316,N,1.0,0.0
2026-04-20T04:06:17,meta-llama-0shot,55573d06-8552-4160-bc89-2d9d3611bb9d,5b0fa12a-3dd7-45bb-9766-cc326314d9f1,25.69133408300695,9.033125222797407e-06,3.516020302259118e-07,4.7705,0.0018,3.0,3.940419006219709e-05,1.0975619854507384e-08,1.514817791665943e-05,5.456334359871103e-05,0.0,Portugal,PRT,braga,,,macOS-26.3.1-arm64-arm-64bit-Mach-O,3.14.4,3.2.6,8,Apple M2,1,Apple M2,-8.4204,41.5515,16.0,machine,44.404545454545456,0,60.99090909090909,7.234283447265625,N,1.0,0.0
2026-04-20T04:06:38,meta-llama-3shot,55c4510f-4949-4cec-a383-106aff09bd24,5b0fa12a-3dd7-45bb-9766-cc326314d9f1,18.60180729199783,6.1869067343159705e-06,3.325970771118283e-07,1.44395,0.0072999999999999,3.0,1.215957496187846e-05,6.84012339548499e-08,2.5143178264164213e-05,3.7371154459997525e-05,0.0,Portugal,PRT,braga,,,macOS-26.3.1-arm64-arm-64bit-Mach-O,3.14.4,3.2.6,8,Apple M2,1,Apple M2,-8.4204,41.5515,16.0,machine,34.75714285714286,0,56.92142857142857,7.238649640764509,N,1.0,0.0
2026-04-20T04:07:08,meta-llama-0shot,579a3151-e8f9-4bc7-b5d6-a87fdd19c1a0,5b0fa12a-3dd7-45bb-9766-cc326314d9f1,26.152900333021535,9.094635736068236e-06,3.477486481522296e-07,4.7635000000000005,0.00325,3.0,3.939046880418725e-05,1.5850577836544997e-08,1.552856996500244e-05,5.493488934702623e-05,0.0,Portugal,PRT,braga,,,macOS-26.3.1-arm64-arm-64bit-Mach-O,3.14.4,3.2.6,8,Apple M2,1,Apple M2,-8.4204,41.5515,16.0,machine,45.67727272727273,0,56.91363636363636,7.239252957430753,N,1.0,0.0
2026-04-20T04:07:34,meta-llama-3shot,b56817bb-6c3f-44fa-9921-890c1d18f344,5b0fa12a-3dd7-45bb-9766-cc326314d9f1,24.09562508299132,8.755836491618484e-06,3.633786822902999e-07,4.7146,0.0028,3.0,3.9046903817980546e-05,1.5833188259007227e-08,1.3825682361687844e-05,5.2888419367927394e-05,0.0,Portugal,PRT,braga,,,macOS-26.3.1-arm64-arm-64bit-Mach-O,3.14.4,3.2.6,8,Apple M2,1,Apple M2,-8.4204,41.5515,16.0,machine,40.18,0,55.69500000000001,7.206894683837891,N,1.0,0.0
2026-04-20T04:08:04,meta-llama-0shot,599771db-5050-4f84-9201-383288315c5a,5b0fa12a-3dd7-45bb-9766-cc326314d9f1,26.416193042008672,8.916372863379714e-06,3.375343619423262e-07,4.599050000000002,0.00465,3.0,3.806908867176433e-05,3.2298516278631324e-08,1.575672993082359e-05,5.385811711886655e-05,0.0,Portugal,PRT,braga,,,macOS-26.3.1-arm64-arm-64bit-Mach-O,3.14.4,3.2.6,8,Apple M2,1,Apple M2,-8.4204,41.5515,16.0,machine,44.87727272727273,0,55.695454545454545,7.206081043590199,N,1.0,0.0
2026-04-20T04:08:23,meta-llama-3shot,108615e0-e85e-4616-9ae2-4afc69e705e0,5b0fa12a-3dd7-45bb-9766-cc326314d9f1,17.836324207979487,2.075344828030815e-06,1.1635496214530357e-07,0.1241,0.0018,3.0,4.976533123049578e-07,8.080650541494833e-09,1.203009944416408e-05,1.2535833407010532e-05,0.0,Portugal,PRT,braga,,,macOS-26.3.1-arm64-arm-64bit-Mach-O,3.14.4,3.2.6,8,Apple M2,1,Apple M2,-8.4204,41.5515,16.0,machine,35.892857142857146,0,55.728571428571435,7.215245928083148,N,1.0,0.0
2026-04-20T04:08:52,meta-llama-0shot,9351cf40-fef6-4dca-9976-8ce3c7ebf1f8,5b0fa12a-3dd7-45bb-9766-cc326314d9f1,28.13568366697291,8.730200500208919e-06,3.102892612649349e-07,4.299200000000001,0.00285,3.0,3.5503114642423696e-05,1.919475909142865e-08,1.721125930584094e-05,5.273356870735606e-05,0.0,Portugal,PRT,braga,,,macOS-26.3.1-arm64-arm-64bit-Mach-O,3.14.4,3.2.6,8,Apple M2,1,Apple M2,-8.4204,41.5515,16.0,machine,48.03333333333333,0,55.82083333333333,7.23254903157552,N,1.0,0.0
2026-04-20T04:09:20,meta-llama-3shot,e8b91536-b4a0-47f4-8785-04ef4733a453,5b0fa12a-3dd7-45bb-9766-cc326314d9f1,23.98790495900903,9.906415295576058e-06,4.129754270956268e-07,5.5301,0.00325,3.0,4.59027087952978e-05,1.668805593357117e-08,1.391893465333851e-05,5.983833150456988e-05,0.0,Portugal,PRT,braga,,,macOS-26.3.1-arm64-arm-64bit-Mach-O,3.14.4,3.2.6,8,Apple M2,1,Apple M2,-8.4204,41.5515,16.0,machine,39.34,0,55.91,7.244987487792969,N,1.0,0.0
2026-04-20T04:09:50,meta-llama-0shot,78c89ad7-70d6-4066-a17c-83e644349297,5b0fa12a-3dd7-45bb-9766-cc326314d9f1,28.315624000009848,8.861952887618824e-06,3.129704253600677e-07,4.345749999999999,0.0031999999999999,3.0,3.612759860294206e-05,2.0832178781549576e-08,1.7380970000012895e-05,5.35294007817365e-05,0.0,Portugal,PRT,braga,,,macOS-26.3.1-arm64-arm-64bit-Mach-O,3.14.4,3.2.6,8,Apple M2,1,Apple M2,-8.4204,41.5515,16.0,machine,48.1875,0,55.979166666666664,7.257614771525065,N,1.0,0.0
2026-04-20T04:10:14,meta-llama-3shot,e2401b02-e569-41fc-83e3-c115f7aafd9f,5b0fa12a-3dd7-45bb-9766-cc326314d9f1,20.110859665990574,6.675877171897584e-06,3.319538439814755e-07,1.6491,0.00925,3.0,1.378754732046534e-05,8.897078909635538e-08,2.6448194652499907e-05,4.03247127620616e-05,0.0,Portugal,PRT,braga,,,macOS-26.3.1-arm64-arm-64bit-Mach-O,3.14.4,3.2.6,8,Apple M2,1,Apple M2,-8.4204,41.5515,16.0,machine,33.225,0,56.0,7.2593584060668945,N,1.0,0.0
2026-04-20T04:10:43,meta-llama-0shot,6ee303bc-081f-4d1b-bdff-0e9d09da3a11,5b0fa12a-3dd7-45bb-9766-cc326314d9f1,27.096705624979226,8.701051466750295e-06,3.211110452751567e-07,4.383900000000001,0.00475,3.0,3.614951668348875e-05,3.3683194501585e-08,1.637429812416182e-05,5.255749800215216e-05,0.0,Portugal,PRT,braga,,,macOS-26.3.1-arm64-arm-64bit-Mach-O,3.14.4,3.2.6,8,Apple M2,1,Apple M2,-8.4204,41.5515,16.0,machine,44.4,0,56.01304347826087,7.262958029042119,N,1.0,0.0
2026-04-20T04:11:05,meta-llama-3shot,96259d7c-cf83-45ef-af32-dd6f9f4383f6,5b0fa12a-3dd7-45bb-9766-cc326314d9f1,18.777299792011036,6.708016705867329e-06,3.57240752406867e-07,1.762916666666667,0.00295,3.0,1.5115198528076225e-05,2.7927533099739073e-08,2.5375721110831363e-05,4.051884717200733e-05,0.0,Portugal,PRT,braga,,,macOS-26.3.1-arm64-arm-64bit-Mach-O,3.14.4,3.2.6,8,Apple M2,1,Apple M2,-8.4204,41.5515,16.0,machine,33.406666666666666,0,55.733333333333334,7.2209930419921875,N,1.0,0.0
2026-04-20T04:11:17,meta-llama-0shot,2fc80f47-9002-43f5-bab8-952668c937e2,5b0fa12a-3dd7-45bb-9766-cc326314d9f1,10.503292542009149,1.0055783013881077e-06,9.57393405321407e-08,0.0632,0.0036,3.0,1.2514185477785457e-07,8.813445959007367e-09,5.9401013541598035e-06,6.074056654896665e-06,0.0,Portugal,PRT,braga,,,macOS-26.3.1-arm64-arm-64bit-Mach-O,3.14.4,3.2.6,8,Apple M2,1,Apple M2,-8.4204,41.5515,16.0,machine,37.98571428571428,0,55.785714285714285,7.229156494140625,N,1.0,0.0
2026-04-20T04:11:39,meta-llama-3shot,a446eb7d-72ae-4ee4-8593-4ba6b5b57389,5b0fa12a-3dd7-45bb-9766-cc326314d9f1,20.818739708018256,1.1411140331618792e-05,5.4811868977947e-07,5.0145,0.00285,3.0,4.1903993650878526e-05,1.3877714020309216e-08,2.7009543611687456e-05,6.89274149765863e-05,0.0,Portugal,PRT,braga,,,macOS-26.3.1-arm64-arm-64bit-Mach-O,3.14.4,3.2.6,8,Apple M2,1,Apple M2,-8.4204,41.5515,16.0,machine,38.51764705882353,0,55.829411764705874,7.243622723747702,N,1.0,0.0
2026-04-20T04:12:09,meta-llama-0shot,1a493c61-5416-4523-bca4-503e2ef9789b,5b0fa12a-3dd7-45bb-9766-cc326314d9f1,26.19165616697865,8.71281614899849e-06,3.32656174678379e-07,4.478150000000001,0.00235,3.0,3.697787065861469e-05,1.6447362901145728e-08,1.563424291666403e-05,5.262856093817986e-05,0.0,Portugal,PRT,braga,,,macOS-26.3.1-arm64-arm-64bit-Mach-O,3.14.4,3.2.6,8,Apple M2,1,Apple M2,-8.4204,41.5515,16.0,machine,47.445454545454545,0,55.88636363636363,7.250579833984375,N,1.0,0.0
2026-04-20T04:12:32,meta-llama-3shot,5f957022-3ece-44e2-9264-eab844ad8b7c,5b0fa12a-3dd7-45bb-9766-cc326314d9f1,21.002127416984877,1.006743940469663e-05,4.793533152529525e-07,4.030600000000001,0.0009,3.0,3.366751653743805e-05,1.628206455061445e-10,2.714329600748897e-05,6.081097536557253e-05,0.0,Portugal,PRT,braga,,,macOS-26.3.1-arm64-arm-64bit-Mach-O,3.14.4,3.2.6,8,Apple M2,1,Apple M2,-8.4204,41.5515,16.0,machine,37.32941176470588,0,55.911764705882355,7.256382661707261,N,1.0,0.0
2026-04-20T04:13:02,meta-llama-0shot,e33cffea-61f8-4da2-bd88-21891f698c2e,5b0fa12a-3dd7-45bb-9766-cc326314d9f1,26.91547670797445,8.68734381684797e-06,3.227638845524926e-07,4.362299999999999,0.0027999999999999,3.0,3.62436959731409e-05,1.805564311519265e-08,1.6212947222472093e-05,5.247469883872819e-05,0.0,Portugal,PRT,braga,,,macOS-26.3.1-arm64-arm-64bit-Mach-O,3.14.4,3.2.6,8,Apple M2,1,Apple M2,-8.4204,41.5515,16.0,machine,46.5695652173913,0,55.9,7.257000467051631,N,1.0,0.0
2026-04-20T04:13:36,meta-llama-3shot,f8bd8334-1c92-441f-812e-5f6ec3d2e855,5b0fa12a-3dd7-45bb-9766-cc326314d9f1,31.929038959002355,9.042669017333458e-06,2.832114373672336e-07,4.12315,0.0019,3.0,3.425240502628419e-05,1.5059946696953072e-08,2.0353526596688123e-05,5.462099156966927e-05,0.0,Portugal,PRT,braga,,,macOS-26.3.1-arm64-arm-64bit-Mach-O,3.14.4,3.2.6,8,Apple M2,1,Apple M2,-8.4204,41.5515,16.0,machine,46.04642857142857,0,56.0,7.281008584158761,N,1.0,0.0
